/* Executar o arquivo Criausuarios.java */

/*
INSERT INTO Usuario(email, senha, ativo) VALUES ('admin1@gmail.com', 'admin1_pass', 1);
INSERT INTO Usuario(email, senha, ativo) VALUES ('admin2@gmail.com', 'admin2_pass', 1);
INSERT INTO Usuario(email, senha, ativo) VALUES ('admin3@gmail.com', 'admin3_pass', 1);
INSERT INTO Usuario(email, senha, ativo) VALUES ('admin4@gmail.com', 'admin4_pass', 1);
INSERT INTO Usuario(email, senha, ativo) VALUES ('admin5@gmail.com', 'admin5_pass', 1);
INSERT INTO Usuario(email, senha, ativo) VALUES ('teatro1@gmail.com', 'teatro1_pass', 1);
INSERT INTO Usuario(email, senha, ativo) VALUES ('teatro2@gmail.com', 'teatro2_pass', 1);
INSERT INTO Usuario(email, senha, ativo) VALUES ('teatro3@gmail.com', 'teatro3_pass', 1);
INSERT INTO Usuario(email, senha, ativo) VALUES ('teatro4@gmail.com', 'teatro4_pass', 1);
INSERT INTO Usuario(email, senha, ativo) VALUES ('teatro5@gmail.com', 'teatro5_pass', 1);
INSERT INTO Usuario(email, senha, ativo) VALUES ('site1@gmail.com', 'site1_pass', 1);
INSERT INTO Usuario(email, senha, ativo) VALUES ('site2@gmail.com', 'site2_pass', 1);
INSERT INTO Usuario(email, senha, ativo) VALUES ('site3@gmail.com', 'site3_pass', 1);
INSERT INTO Usuario(email, senha, ativo) VALUES ('site4@gmail.com', 'site4_pass', 1);
INSERT INTO Usuario(email, senha, ativo) VALUES ('site5@gmail.com', 'site5_pass', 1);

INSERT INTO Papel(email, nome) VALUES ('admin1@gmail.com', 'ROLE_ADMIN');
INSERT INTO Papel(email, nome) VALUES ('admin2@gmail.com', 'ROLE_ADMIN');
INSERT INTO Papel(email, nome) VALUES ('admin3@gmail.com', 'ROLE_ADMIN');
INSERT INTO Papel(email, nome) VALUES ('admin4@gmail.com', 'ROLE_ADMIN');
INSERT INTO Papel(email, nome) VALUES ('admin5@gmail.com', 'ROLE_ADMIN');
INSERT INTO Papel(email, nome) VALUES ('teatro1@gmail.com', 'ROLE_TEATRO');
INSERT INTO Papel(email, nome) VALUES ('teatro2@gmail.com', 'ROLE_TEATRO');
INSERT INTO Papel(email, nome) VALUES ('teatro3@gmail.com', 'ROLE_TEATRO');
INSERT INTO Papel(email, nome) VALUES ('teatro4@gmail.com', 'ROLE_TEATRO');
INSERT INTO Papel(email, nome) VALUES ('teatro5@gmail.com', 'ROLE_TEATRO');
INSERT INTO Papel(email, nome) VALUES ('site1@gmail.com', 'ROLE_SITE');
INSERT INTO Papel(email, nome) VALUES ('site2@gmail.com', 'ROLE_SITE');
INSERT INTO Papel(email, nome) VALUES ('site3@gmail.com', 'ROLE_SITE');
INSERT INTO Papel(email, nome) VALUES ('site4@gmail.com', 'ROLE_SITE');
INSERT INTO Papel(email, nome) VALUES ('site5@gmail.com', 'ROLE_SITE');

INSERT INTO Teatro(email, senha, cidade, nome, cnpj) VALUES ('teatro1@gmail.com', 'teatro1_pass', 'Cidade1', 'Teatro Cidade 1', 111000001);
INSERT INTO Teatro(email, senha, cidade, nome, cnpj) VALUES ('teatro2@gmail.com', 'teatro2_pass', 'Cidade2', 'Teatro Cidade 2', 111000002);
INSERT INTO Teatro(email, senha, cidade, nome, cnpj) VALUES ('teatro3@gmail.com', 'teatro3_pass', 'Cidade3', 'Teatro Cidade 3', 111000003);
INSERT INTO Teatro(email, senha, cidade, nome, cnpj) VALUES ('teatro4@gmail.com', 'teatro4_pass', 'Cidade4', 'Teatro Cidade 4', 111000004);
INSERT INTO Teatro(email, senha, cidade, nome, cnpj) VALUES ('teatro5@gmail.com', 'teatro5_pass', 'Cidade5', 'Teatro Cidade 5', 111000005);

INSERT INTO Site(email, senha, url, nome, telefone) VALUES ('site1@email.com', 'site1_pass', 'https://www.site1.com.br', 'site1', 33330001);
INSERT INTO Site(email, senha, url, nome, telefone) VALUES ('site2@email.com', 'site2_pass', 'https://www.site2.com.br', 'site2', 33330002);
INSERT INTO Site(email, senha, url, nome, telefone) VALUES ('site3@email.com', 'site3_pass', 'https://www.site3.com.br', 'site3', 33330003);
INSERT INTO Site(email, senha, url, nome, telefone) VALUES ('site4@email.com', 'site4_pass', 'https://www.site4.com.br', 'site4', 33330004);
INSERT INTO Site(email, senha, url, nome, telefone) VALUES ('site5@email.com', 'site5_pass', 'https://www.site5.com.br', 'site5', 33330005);

INSERT INTO Promocao(url, nome, preco, dia, hora, cnpj) VALUES ('https://www.site1.com.br', 'promocao1' , 20.00, '01/20/2000', '01:01', 111000001);
INSERT INTO Promocao(url, nome, preco, dia, hora, cnpj) VALUES ('https://www.site2.com.br', 'promocao2' , 20.00, '02/20/2000', '02:02', 111000002);
INSERT INTO Promocao(url, nome, preco, dia, hora, cnpj) VALUES ('https://www.site3.com.br', 'promocao3' , 20.00, '03/20/2000', '03:03', 111000003);
INSERT INTO Promocao(url, nome, preco, dia, hora, cnpj) VALUES ('https://www.site4.com.br', 'promocao4' , 20.00, '04/20/2000', '04:04', 111000004);
INSERT INTO Promocao(url, nome, preco, dia, hora, cnpj) VALUES ('https://www.site5.com.br', 'promocao5' , 20.00, '05/20/2000', '05:05', 111000005);
*/