INSERT INTO Usuario(email, senha, ativo) VALUES ('usuario01@gmail.com', 'usuario01_pass', 1);
INSERT INTO Usuario(email, senha, ativo) VALUES ('usuario02@gmail.com', 'usuario02_pass', 1);
INSERT INTO Usuario(email, senha, ativo) VALUES ('usuario03@gmail.com', 'usuario03_pass', 1);
INSERT INTO Usuario(email, senha, ativo) VALUES ('usuario04@gmail.com', 'usuario04_pass', 1);
INSERT INTO Usuario(email, senha, ativo) VALUES ('usuario05@gmail.com', 'usuario05_pass', 1);
INSERT INTO Usuario(email, senha, ativo) VALUES ('usuario06@gmail.com', 'usuario06_pass', 1);
INSERT INTO Usuario(email, senha, ativo) VALUES ('usuario07@gmail.com', 'usuario07_pass', 1);
INSERT INTO Usuario(email, senha, ativo) VALUES ('usuario08@gmail.com', 'usuario08_pass', 1);
INSERT INTO Usuario(email, senha, ativo) VALUES ('usuario09@gmail.com', 'usuario09_pass', 1);
INSERT INTO Usuario(email, senha, ativo) VALUES ('usuario10@gmail.com', 'usuario10_pass', 1);

INSERT INTO Papel(email, nome) VALUES ('usuario01@gmail.com', 'USER_ADM');
INSERT INTO Papel(email, nome) VALUES ('usuario02@gmail.com', 'USER_ADM');
INSERT INTO Papel(email, nome) VALUES ('usuario03@gmail.com', 'USER_ADM');
INSERT INTO Papel(email, nome) VALUES ('usuario04@gmail.com', 'USER_ADM');
INSERT INTO Papel(email, nome) VALUES ('usuario05@gmail.com', 'USER_ADM');
INSERT INTO Papel(email, nome) VALUES ('usuario06@gmail.com', 'USER_SITE');
INSERT INTO Papel(email, nome) VALUES ('usuario07@gmail.com', 'USER_SITE');
INSERT INTO Papel(email, nome) VALUES ('usuario08@gmail.com', 'USER_SITE');
INSERT INTO Papel(email, nome) VALUES ('usuario09@gmail.com', 'USER_SITE');
INSERT INTO Papel(email, nome) VALUES ('usuario10@gmail.com', 'USER_SITE');

INSERT INTO Teatro(email, senha, cidade, nome, cnpj) VALUES ('teatro1@gmail.com', 'teatro1_pass', 'Cidade1', 'Teatro Cidade 1', 111000001);
INSERT INTO Teatro(email, senha, cidade, nome, cnpj) VALUES ('teatro2@gmail.com', 'teatro2_pass', 'Cidade2', 'Teatro Cidade 2', 111000002);
INSERT INTO Teatro(email, senha, cidade, nome, cnpj) VALUES ('teatro3@gmail.com', 'teatro3_pass', 'Cidade3', 'Teatro Cidade 3', 111000003);
INSERT INTO Teatro(email, senha, cidade, nome, cnpj) VALUES ('teatro4@gmail.com', 'teatro4_pass', 'Cidade4', 'Teatro Cidade 4', 111000004);
INSERT INTO Teatro(email, senha, cidade, nome, cnpj) VALUES ('teatro5@gmail.com', 'teatro5_pass', 'Cidade5', 'Teatro Cidade 5', 111000005);

INSERT INTO Site(email, senha, url, nome, telefone) VALUES ('site1@email.com', 'site1_pass', 'https://www.site1.com.br','site1', 33330001);
INSERT INTO Site(email, senha, url, nome, telefone) VALUES ('site2@email.com', 'site2_pass', 'https://www.site2.com.br','site1', 33330002);
INSERT INTO Site(email, senha, url, nome, telefone) VALUES ('site3@email.com', 'site3_pass', 'https://www.site3.com.br','site1', 33330003);
INSERT INTO Site(email, senha, url, nome, telefone) VALUES ('site4@email.com', 'site4_pass', 'https://www.site4.com.br','site1', 33330004);
INSERT INTO Site(email, senha, url, nome, telefone) VALUES ('site5@email.com', 'site5_pass', 'https://www.site5.com.br','site1', 33330005);

INSERT INTO Promocao(url, nome, preco, dia, hora, cnpj) VALUES ('https://www.site1.com.br','promocao1', 20.00, '01/20/2000', '01:01', 111000001);
INSERT INTO Promocao(url, nome, preco, dia, hora, cnpj) VALUES ('https://www.site2.com.br','promocao2', 20.00, '02/20/2000', '02:02', 111000002);
INSERT INTO Promocao(url, nome, preco, dia, hora, cnpj) VALUES ('https://www.site3.com.br','promocao3', 20.00, '03/20/2000', '03:03', 111000003);
INSERT INTO Promocao(url, nome, preco, dia, hora, cnpj) VALUES ('https://www.site4.com.br','promocao4', 20.00, '04/20/2000', '04:04', 111000004);
INSERT INTO Promocao(url, nome, preco, dia, hora, cnpj) VALUES ('https://www.site5.com.br','promocao5', 20.00, '05/20/2000', '05:05', 111000005);

